-- phpMyAdmin SQL Dump
-- version 4.6.5.2
-- https://www.phpmyadmin.net/
--
-- Host: 127.0.0.1
-- Generation Time: May 27, 2017 at 07:27 PM
-- Server version: 10.1.21-MariaDB
-- PHP Version: 5.6.30

SET SQL_MODE = "NO_AUTO_VALUE_ON_ZERO";
SET time_zone = "+00:00";


/*!40101 SET @OLD_CHARACTER_SET_CLIENT=@@CHARACTER_SET_CLIENT */;
/*!40101 SET @OLD_CHARACTER_SET_RESULTS=@@CHARACTER_SET_RESULTS */;
/*!40101 SET @OLD_COLLATION_CONNECTION=@@COLLATION_CONNECTION */;
/*!40101 SET NAMES utf8mb4 */;

--
-- Database: `mybioskop`
--

-- --------------------------------------------------------

--
-- Table structure for table `film`
--

CREATE TABLE `film` (
  `kode_film` int(11) NOT NULL,
  `nama_film` varchar(255) NOT NULL,
  `tgl_rilis` varchar(255) NOT NULL,
  `poster_film` varchar(255) NOT NULL,
  `awal_tayang` date NOT NULL,
  `akhir_tayang` date NOT NULL
) ENGINE=InnoDB DEFAULT CHARSET=latin1;

--
-- Dumping data for table `film`
--

INSERT INTO `film` (`kode_film`, `nama_film`, `tgl_rilis`, `poster_film`, `awal_tayang`, `akhir_tayang`) VALUES
(1, 'ZOOTOPIA', '2017-03-18', 'zootopia_lc.jpg', '2017-03-30', '2017-05-06'),
(2, 'LA LA LAND', '2017-03-17', 'lalaland_lc.jpg', '2017-03-30', '2017-05-30'),
(3, 'STAR WARS VIII', '2017-03-13', 'starwars_lc.jpg', '2017-03-30', '2017-05-23'),
(4, 'LOGAN', '2017-03-08', 'logan_lc.jpg', '2017-03-30', '2017-04-30'),
(5, 'wqerwer', 'qwer', 'qwer', '2017-04-04', '2017-04-10');

-- --------------------------------------------------------

--
-- Table structure for table `jadwal`
--

CREATE TABLE `jadwal` (
  `kode_jadwal` int(255) NOT NULL,
  `jam_mulai` varchar(255) DEFAULT NULL,
  `harga` int(10) NOT NULL
) ENGINE=InnoDB DEFAULT CHARSET=latin1;

--
-- Dumping data for table `jadwal`
--

INSERT INTO `jadwal` (`kode_jadwal`, `jam_mulai`, `harga`) VALUES
(1, '10:00-13:00', 25000),
(2, '13:00-16:00', 25000),
(3, '16:00-19:00', 30000),
(4, '19:00-22:00', 40000);

-- --------------------------------------------------------

--
-- Table structure for table `kursi`
--

CREATE TABLE `kursi` (
  `id_kursi` int(11) NOT NULL,
  `no_theater` int(11) NOT NULL,
  `no_kursi` varchar(255) NOT NULL
) ENGINE=InnoDB DEFAULT CHARSET=latin1;

--
-- Dumping data for table `kursi`
--

INSERT INTO `kursi` (`id_kursi`, `no_theater`, `no_kursi`) VALUES
(1, 1, '1A'),
(2, 1, '2A'),
(3, 1, '3A'),
(4, 1, '4A'),
(5, 1, '5A'),
(6, 1, '6A'),
(7, 1, '7A'),
(8, 1, '8A'),
(9, 1, '9A'),
(10, 1, '10A'),
(11, 1, '1B'),
(12, 1, '2B'),
(13, 1, '3B'),
(14, 1, '4B'),
(15, 1, '5B'),
(16, 1, '6B'),
(17, 1, '7B'),
(18, 1, '8B'),
(19, 1, '9B'),
(20, 1, '10B'),
(21, 1, '1C'),
(22, 1, '2C'),
(23, 1, '3C'),
(24, 1, '4C'),
(25, 1, '5C'),
(26, 1, '6C'),
(27, 1, '7C'),
(28, 1, '8C'),
(29, 1, '9C'),
(30, 1, '10C'),
(31, 1, '1D'),
(32, 1, '2D'),
(33, 1, '3D'),
(34, 1, '4D'),
(35, 1, '5D'),
(36, 1, '6D'),
(37, 1, '7D'),
(38, 1, '8D'),
(39, 1, '9D'),
(40, 1, '10D'),
(41, 1, '1E'),
(42, 1, '2E'),
(43, 1, '3E'),
(44, 1, '4E'),
(45, 1, '5E'),
(46, 1, '6E'),
(47, 1, '7E'),
(48, 1, '8E'),
(49, 1, '9E'),
(50, 1, '10E'),
(51, 2, '1A'),
(52, 2, '2A'),
(53, 2, '3A'),
(54, 2, '4A'),
(55, 2, '5A'),
(56, 2, '6A'),
(57, 2, '7A'),
(58, 2, '8A'),
(59, 2, '9A'),
(60, 2, '10A'),
(61, 2, '1B'),
(62, 2, '2B'),
(63, 2, '3B'),
(64, 2, '4B'),
(65, 2, '5B'),
(66, 2, '6B'),
(67, 2, '7B'),
(68, 2, '8B'),
(69, 2, '9B'),
(70, 2, '10B'),
(71, 2, '1C'),
(72, 2, '2C'),
(73, 2, '3C'),
(74, 2, '4C'),
(75, 2, '5C'),
(76, 2, '6C'),
(77, 2, '7C'),
(78, 2, '8C'),
(79, 2, '9C'),
(80, 2, '10C'),
(81, 2, '1D'),
(82, 2, '2D'),
(83, 2, '3D'),
(84, 2, '4D'),
(85, 2, '5D'),
(86, 2, '6D'),
(87, 2, '7D'),
(88, 2, '8D'),
(89, 2, '9D'),
(90, 2, '10D'),
(91, 2, '1E'),
(92, 2, '2E'),
(93, 2, '3E'),
(94, 2, '4E'),
(95, 2, '5E'),
(96, 2, '6E'),
(97, 2, '7E'),
(98, 2, '8E'),
(99, 2, '9E'),
(100, 2, '10E'),
(101, 3, '1A'),
(102, 3, '2A'),
(103, 3, '3A'),
(104, 3, '4A'),
(105, 3, '5A'),
(106, 3, '6A'),
(107, 3, '7A'),
(108, 3, '8A'),
(109, 3, '9A'),
(110, 3, '10A'),
(111, 3, '11A'),
(112, 3, '12A'),
(113, 3, '1B'),
(114, 3, '2B'),
(115, 3, '3B'),
(116, 3, '4B'),
(117, 3, '5B'),
(118, 3, '6B'),
(119, 3, '7B'),
(120, 3, '8B'),
(121, 3, '9B'),
(122, 3, '10B'),
(123, 3, '11B'),
(124, 3, '12B'),
(125, 3, '1C'),
(126, 3, '2C'),
(127, 3, '3C'),
(128, 3, '4C'),
(129, 3, '5C'),
(130, 3, '6C'),
(131, 3, '7C'),
(132, 3, '8C'),
(133, 3, '9C'),
(134, 3, '10C'),
(135, 3, '11C'),
(136, 3, '12C'),
(137, 3, '1D'),
(138, 3, '2D'),
(139, 3, '3D'),
(140, 3, '4D'),
(141, 3, '5D'),
(142, 3, '6D'),
(143, 3, '7D'),
(144, 3, '8D'),
(145, 3, '9D'),
(146, 3, '10D'),
(147, 3, '11D'),
(148, 3, '12D'),
(149, 3, '1E'),
(150, 3, '2E'),
(151, 3, '3E'),
(152, 3, '4E'),
(153, 3, '5E'),
(154, 3, '6E'),
(155, 3, '7E'),
(156, 3, '8E'),
(157, 3, '9E'),
(158, 3, '10E'),
(159, 3, '11E'),
(160, 3, '12E'),
(161, 4, '1A'),
(162, 4, '2A'),
(163, 4, '3A'),
(164, 4, '4A'),
(165, 4, '5A'),
(166, 4, '6A'),
(167, 4, '7A'),
(168, 4, '8A'),
(169, 4, '9A'),
(170, 4, '10A'),
(171, 4, '11A'),
(172, 4, '12A'),
(173, 4, '1B'),
(174, 4, '2B'),
(175, 4, '3B'),
(176, 4, '4B'),
(177, 4, '5B'),
(178, 4, '6B'),
(179, 4, '7B'),
(180, 4, '8B'),
(181, 4, '9B'),
(182, 4, '10B'),
(183, 4, '11B'),
(184, 4, '12B'),
(185, 4, '1C'),
(186, 4, '2C'),
(187, 4, '3C'),
(188, 4, '4C'),
(189, 4, '5C'),
(190, 4, '6C'),
(191, 4, '7C'),
(192, 4, '8C'),
(193, 4, '9C'),
(194, 4, '10C'),
(195, 4, '11C'),
(196, 4, '12C'),
(197, 4, '1D'),
(198, 4, '2D'),
(199, 4, '3D'),
(200, 4, '4D'),
(201, 4, '5D'),
(202, 4, '6D'),
(203, 4, '7D'),
(204, 4, '8D'),
(205, 4, '9D'),
(206, 4, '10D'),
(207, 4, '11D'),
(208, 4, '12D'),
(209, 4, '1E'),
(210, 4, '2E'),
(211, 4, '3E'),
(212, 4, '4E'),
(213, 4, '5E'),
(214, 4, '6E'),
(215, 4, '7E'),
(216, 4, '8E'),
(217, 4, '9E'),
(218, 4, '10E'),
(219, 4, '11E'),
(220, 4, '12E');

-- --------------------------------------------------------

--
-- Table structure for table `penayangan`
--

CREATE TABLE `penayangan` (
  `id_penayangan` int(11) NOT NULL,
  `id_film` int(11) NOT NULL,
  `id_theater` int(11) NOT NULL,
  `id_jadwal` int(11) NOT NULL
) ENGINE=InnoDB DEFAULT CHARSET=latin1;

--
-- Dumping data for table `penayangan`
--

INSERT INTO `penayangan` (`id_penayangan`, `id_film`, `id_theater`, `id_jadwal`) VALUES
(1, 1, 1, 1),
(2, 1, 1, 2),
(3, 3, 1, 3),
(4, 3, 1, 4),
(5, 2, 2, 1),
(6, 2, 2, 2),
(7, 4, 2, 3),
(8, 4, 2, 4),
(9, 1, 3, 1),
(10, 1, 3, 2),
(11, 3, 3, 3),
(12, 3, 3, 4),
(13, 2, 4, 1),
(14, 2, 4, 2),
(15, 4, 4, 3),
(16, 4, 4, 4);

-- --------------------------------------------------------

--
-- Table structure for table `theater`
--

CREATE TABLE `theater` (
  `no_theater` int(11) NOT NULL,
  `nama_theater` varchar(255) NOT NULL,
  `kapasitas` int(11) NOT NULL
) ENGINE=InnoDB DEFAULT CHARSET=latin1;

--
-- Dumping data for table `theater`
--

INSERT INTO `theater` (`no_theater`, `nama_theater`, `kapasitas`) VALUES
(1, 'THEATER 1', 50),
(2, 'THEATER 2 ', 50),
(3, 'THEATER 3', 60),
(4, 'THEATER 4', 60);

-- --------------------------------------------------------

--
-- Table structure for table `transaksi`
--

CREATE TABLE `transaksi` (
  `id_transaksi` int(11) NOT NULL,
  `nama_film` varchar(255) NOT NULL,
  `id_kursi` int(11) NOT NULL,
  `no_kursi` varchar(255) NOT NULL,
  `kode_jadwal` int(11) NOT NULL,
  `jam_mulai` varchar(255) NOT NULL,
  `no_theater` varchar(255) NOT NULL,
  `harga` int(10) NOT NULL,
  `waktu_transaksi` datetime NOT NULL
) ENGINE=InnoDB DEFAULT CHARSET=latin1;

--
-- Dumping data for table `transaksi`
--

INSERT INTO `transaksi` (`id_transaksi`, `nama_film`, `id_kursi`, `no_kursi`, `kode_jadwal`, `jam_mulai`, `no_theater`, `harga`, `waktu_transaksi`) VALUES
(1, 'ZOOTOPIA', 2, '2A', 1, '10:00-13:00', '1', 25000, '2017-03-30 08:07:46'),
(2, 'ZOOTOPIA', 3, '3A', 1, '10:00-13:00', '1', 25000, '2017-03-30 08:07:46'),
(3, 'ZOOTOPIA', 25, '5C', 1, '10:00-13:00', '1', 25000, '2017-03-30 08:07:46'),
(4, 'ZOOTOPIA', 26, '6C', 1, '10:00-13:00', '1', 25000, '2017-03-30 08:07:46'),
(5, 'ZOOTOPIA', 27, '7C', 1, '10:00-13:00', '1', 25000, '2017-03-30 08:07:46'),
(6, 'ZOOTOPIA', 28, '8C', 1, '10:00-13:00', '1', 25000, '2017-03-30 08:07:46'),
(7, 'ZOOTOPIA', 35, '5D', 1, '10:00-13:00', '1', 25000, '2017-03-30 08:07:46'),
(8, 'ZOOTOPIA', 36, '6D', 1, '10:00-13:00', '1', 25000, '2017-03-30 08:07:46'),
(9, 'ZOOTOPIA', 6, '6A', 2, '13:00-16:00', '1', 25000, '2017-03-30 08:08:42'),
(10, 'ZOOTOPIA', 7, '7A', 2, '13:00-16:00', '1', 25000, '2017-03-30 08:08:42'),
(11, 'ZOOTOPIA', 8, '8A', 2, '13:00-16:00', '1', 25000, '2017-03-30 08:08:42'),
(12, 'ZOOTOPIA', 24, '4C', 2, '13:00-16:00', '1', 25000, '2017-03-30 08:08:42'),
(13, 'ZOOTOPIA', 25, '5C', 2, '13:00-16:00', '1', 25000, '2017-03-30 08:08:42'),
(14, 'ZOOTOPIA', 33, '3D', 2, '13:00-16:00', '1', 25000, '2017-03-30 08:08:42'),
(15, 'ZOOTOPIA', 36, '6D', 2, '13:00-16:00', '1', 25000, '2017-03-30 08:08:42'),
(16, 'ZOOTOPIA', 37, '7D', 2, '13:00-16:00', '1', 25000, '2017-03-30 08:08:42'),
(17, 'ZOOTOPIA', 103, '3A', 1, '10:00-13:00', '3', 25000, '2017-03-30 08:09:02'),
(18, 'ZOOTOPIA', 105, '5A', 1, '10:00-13:00', '3', 25000, '2017-03-30 08:09:02'),
(19, 'ZOOTOPIA', 108, '8A', 1, '10:00-13:00', '3', 25000, '2017-03-30 08:09:02'),
(20, 'ZOOTOPIA', 128, '4C', 1, '10:00-13:00', '3', 25000, '2017-03-30 08:09:02'),
(21, 'ZOOTOPIA', 129, '5C', 1, '10:00-13:00', '3', 25000, '2017-03-30 08:09:02'),
(22, 'ZOOTOPIA', 130, '6C', 1, '10:00-13:00', '3', 25000, '2017-03-30 08:09:02'),
(23, 'ZOOTOPIA', 131, '7C', 1, '10:00-13:00', '3', 25000, '2017-03-30 08:09:02'),
(24, 'ZOOTOPIA', 130, '6C', 2, '13:00-16:00', '3', 25000, '2017-03-30 08:09:17'),
(25, 'ZOOTOPIA', 131, '7C', 2, '13:00-16:00', '3', 25000, '2017-03-30 08:09:17'),
(26, 'ZOOTOPIA', 132, '8C', 2, '13:00-16:00', '3', 25000, '2017-03-30 08:09:17'),
(27, 'ZOOTOPIA', 133, '9C', 2, '13:00-16:00', '3', 25000, '2017-03-30 08:09:17'),
(28, 'LA LA LAND', 65, '5B', 1, '10:00-13:00', '2', 25000, '2017-03-30 08:09:51'),
(29, 'LA LA LAND', 66, '6B', 1, '10:00-13:00', '2', 25000, '2017-03-30 08:09:51'),
(30, 'LA LA LAND', 74, '4C', 1, '10:00-13:00', '2', 25000, '2017-03-30 08:09:51'),
(31, 'LA LA LAND', 75, '5C', 1, '10:00-13:00', '2', 25000, '2017-03-30 08:09:51'),
(32, 'LA LA LAND', 76, '6C', 1, '10:00-13:00', '2', 25000, '2017-03-30 08:09:51'),
(33, 'LA LA LAND', 94, '4E', 1, '10:00-13:00', '2', 25000, '2017-03-30 08:09:51'),
(34, 'LA LA LAND', 95, '5E', 1, '10:00-13:00', '2', 25000, '2017-03-30 08:09:51'),
(35, 'LA LA LAND', 96, '6E', 1, '10:00-13:00', '2', 25000, '2017-03-30 08:09:51'),
(36, 'LA LA LAND', 172, '12A', 1, '10:00-13:00', '4', 25000, '2017-03-30 08:10:02'),
(37, 'LA LA LAND', 178, '6B', 1, '10:00-13:00', '4', 25000, '2017-03-30 08:10:02'),
(38, 'LA LA LAND', 179, '7B', 1, '10:00-13:00', '4', 25000, '2017-03-30 08:10:02'),
(39, 'LA LA LAND', 184, '12B', 1, '10:00-13:00', '4', 25000, '2017-03-30 08:10:02'),
(40, 'LA LA LAND', 196, '12C', 1, '10:00-13:00', '4', 25000, '2017-03-30 08:10:02'),
(41, 'LA LA LAND', 208, '12D', 1, '10:00-13:00', '4', 25000, '2017-03-30 08:10:02'),
(42, 'LA LA LAND', 220, '12E', 1, '10:00-13:00', '4', 25000, '2017-03-30 08:10:02'),
(43, 'LA LA LAND', 51, '1A', 2, '13:00-16:00', '2', 25000, '2017-03-30 08:10:18'),
(44, 'LA LA LAND', 52, '2A', 2, '13:00-16:00', '2', 25000, '2017-03-30 08:10:18'),
(45, 'LA LA LAND', 53, '3A', 2, '13:00-16:00', '2', 25000, '2017-03-30 08:10:18'),
(46, 'LA LA LAND', 54, '4A', 2, '13:00-16:00', '2', 25000, '2017-03-30 08:10:18'),
(47, 'LA LA LAND', 55, '5A', 2, '13:00-16:00', '2', 25000, '2017-03-30 08:10:18'),
(48, 'LA LA LAND', 56, '6A', 2, '13:00-16:00', '2', 25000, '2017-03-30 08:10:18'),
(49, 'LA LA LAND', 57, '7A', 2, '13:00-16:00', '2', 25000, '2017-03-30 08:10:18'),
(50, 'LA LA LAND', 58, '8A', 2, '13:00-16:00', '2', 25000, '2017-03-30 08:10:18'),
(51, 'LA LA LAND', 59, '9A', 2, '13:00-16:00', '2', 25000, '2017-03-30 08:10:18'),
(52, 'LA LA LAND', 60, '10A', 2, '13:00-16:00', '2', 25000, '2017-03-30 08:10:18'),
(53, 'LA LA LAND', 75, '5C', 2, '13:00-16:00', '2', 25000, '2017-03-30 08:10:18'),
(54, 'LA LA LAND', 76, '6C', 2, '13:00-16:00', '2', 25000, '2017-03-30 08:10:18'),
(55, 'LA LA LAND', 77, '7C', 2, '13:00-16:00', '2', 25000, '2017-03-30 08:10:18'),
(56, 'LA LA LAND', 175, '3B', 2, '13:00-16:00', '4', 25000, '2017-03-30 08:10:31'),
(57, 'LA LA LAND', 176, '4B', 2, '13:00-16:00', '4', 25000, '2017-03-30 08:10:31'),
(58, 'LA LA LAND', 177, '5B', 2, '13:00-16:00', '4', 25000, '2017-03-30 08:10:31'),
(59, 'LA LA LAND', 178, '6B', 2, '13:00-16:00', '4', 25000, '2017-03-30 08:10:31'),
(60, 'LA LA LAND', 187, '3C', 2, '13:00-16:00', '4', 25000, '2017-03-30 08:10:31'),
(61, 'LA LA LAND', 188, '4C', 2, '13:00-16:00', '4', 25000, '2017-03-30 08:10:31'),
(62, 'LA LA LAND', 189, '5C', 2, '13:00-16:00', '4', 25000, '2017-03-30 08:10:31'),
(63, 'LA LA LAND', 190, '6C', 2, '13:00-16:00', '4', 25000, '2017-03-30 08:10:31'),
(64, 'LA LA LAND', 199, '3D', 2, '13:00-16:00', '4', 25000, '2017-03-30 08:10:31'),
(65, 'LA LA LAND', 200, '4D', 2, '13:00-16:00', '4', 25000, '2017-03-30 08:10:31'),
(66, 'LA LA LAND', 201, '5D', 2, '13:00-16:00', '4', 25000, '2017-03-30 08:10:31'),
(67, 'LA LA LAND', 202, '6D', 2, '13:00-16:00', '4', 25000, '2017-03-30 08:10:31'),
(68, 'ZOOTOPIA', 24, '4C', 1, '10:00-13:00', '1', 25000, '2017-04-01 22:47:38'),
(69, 'ZOOTOPIA', 26, '6C', 1, '10:00-13:00', '1', 25000, '2017-04-01 22:47:38'),
(70, 'ZOOTOPIA', 129, '5C', 1, '10:00-13:00', '3', 25000, '2017-04-01 22:47:46'),
(71, 'ZOOTOPIA', 130, '6C', 1, '10:00-13:00', '3', 25000, '2017-04-01 22:47:46'),
(72, 'ZOOTOPIA', 131, '7C', 1, '10:00-13:00', '3', 25000, '2017-04-01 22:47:46'),
(73, 'ZOOTOPIA', 14, '4B', 2, '13:00-16:00', '1', 25000, '2017-04-01 22:47:58'),
(74, 'ZOOTOPIA', 15, '5B', 2, '13:00-16:00', '1', 25000, '2017-04-01 22:47:58'),
(75, 'ZOOTOPIA', 16, '6B', 2, '13:00-16:00', '1', 25000, '2017-04-01 22:47:58'),
(76, 'ZOOTOPIA', 17, '7B', 2, '13:00-16:00', '1', 25000, '2017-04-01 22:47:58'),
(77, 'ZOOTOPIA', 26, '6C', 2, '13:00-16:00', '1', 25000, '2017-04-01 22:47:58'),
(78, 'ZOOTOPIA', 27, '7C', 2, '13:00-16:00', '1', 25000, '2017-04-01 22:47:58'),
(79, 'ZOOTOPIA', 34, '4D', 2, '13:00-16:00', '1', 25000, '2017-04-01 22:47:58'),
(80, 'ZOOTOPIA', 35, '5D', 2, '13:00-16:00', '1', 25000, '2017-04-01 22:47:58'),
(81, 'ZOOTOPIA', 103, '3A', 2, '13:00-16:00', '3', 25000, '2017-04-01 22:48:08'),
(82, 'ZOOTOPIA', 104, '4A', 2, '13:00-16:00', '3', 25000, '2017-04-01 22:48:08'),
(83, 'ZOOTOPIA', 105, '5A', 2, '13:00-16:00', '3', 25000, '2017-04-01 22:48:08'),
(84, 'ZOOTOPIA', 106, '6A', 2, '13:00-16:00', '3', 25000, '2017-04-01 22:48:08'),
(85, 'ZOOTOPIA', 140, '4D', 2, '13:00-16:00', '3', 25000, '2017-04-01 22:48:08'),
(86, 'ZOOTOPIA', 141, '5D', 2, '13:00-16:00', '3', 25000, '2017-04-01 22:48:08'),
(87, 'LA LA LAND', 65, '5B', 1, '10:00-13:00', '2', 25000, '2017-04-01 22:48:14'),
(88, 'LA LA LAND', 66, '6B', 1, '10:00-13:00', '2', 25000, '2017-04-01 22:48:14'),
(89, 'LA LA LAND', 67, '7B', 1, '10:00-13:00', '2', 25000, '2017-04-01 22:48:14'),
(90, 'LA LA LAND', 202, '6D', 1, '10:00-13:00', '4', 25000, '2017-04-01 22:48:25'),
(91, 'LA LA LAND', 203, '7D', 1, '10:00-13:00', '4', 25000, '2017-04-01 22:48:25'),
(92, 'LA LA LAND', 204, '8D', 1, '10:00-13:00', '4', 25000, '2017-04-01 22:48:25'),
(93, 'LA LA LAND', 216, '8E', 1, '10:00-13:00', '4', 25000, '2017-04-01 22:48:25'),
(94, 'STAR WARS VIII', 4, '4A', 3, '16:00-19:00', '1', 30000, '2017-04-01 22:48:32'),
(95, 'STAR WARS VIII', 5, '5A', 3, '16:00-19:00', '1', 30000, '2017-04-01 22:48:32'),
(96, 'STAR WARS VIII', 24, '4C', 3, '16:00-19:00', '1', 30000, '2017-04-01 22:48:32'),
(97, 'STAR WARS VIII', 25, '5C', 3, '16:00-19:00', '1', 30000, '2017-04-01 22:48:32'),
(98, 'STAR WARS VIII', 152, '4E', 3, '16:00-19:00', '3', 30000, '2017-04-01 22:48:40'),
(99, 'STAR WARS VIII', 154, '6E', 3, '16:00-19:00', '3', 30000, '2017-04-01 22:48:40'),
(100, 'STAR WARS VIII', 1, '1A', 4, '19:00-22:00', '1', 40000, '2017-04-01 22:48:48'),
(101, 'STAR WARS VIII', 2, '2A', 4, '19:00-22:00', '1', 40000, '2017-04-01 22:48:48'),
(102, 'STAR WARS VIII', 3, '3A', 4, '19:00-22:00', '1', 40000, '2017-04-01 22:48:48'),
(103, 'STAR WARS VIII', 129, '5C', 4, '19:00-22:00', '3', 40000, '2017-04-01 22:48:54'),
(104, 'STAR WARS VIII', 130, '6C', 4, '19:00-22:00', '3', 40000, '2017-04-01 22:48:54'),
(105, 'STAR WARS VIII', 131, '7C', 4, '19:00-22:00', '3', 40000, '2017-04-01 22:48:54'),
(106, 'LOGAN', 73, '3C', 3, '16:00-19:00', '2', 30000, '2017-04-01 22:48:59'),
(107, 'LOGAN', 74, '4C', 3, '16:00-19:00', '2', 30000, '2017-04-01 22:48:59'),
(108, 'LOGAN', 213, '5E', 3, '16:00-19:00', '4', 30000, '2017-04-01 22:49:04'),
(109, 'LOGAN', 59, '9A', 4, '19:00-22:00', '2', 40000, '2017-04-01 22:49:10'),
(110, 'LOGAN', 60, '10A', 4, '19:00-22:00', '2', 40000, '2017-04-01 22:49:10'),
(111, 'LOGAN', 200, '4D', 4, '19:00-22:00', '4', 40000, '2017-04-01 22:49:16'),
(112, 'LOGAN', 201, '5D', 4, '19:00-22:00', '4', 40000, '2017-04-01 22:49:16'),
(113, 'LOGAN', 202, '6D', 4, '19:00-22:00', '4', 40000, '2017-04-01 22:49:16'),
(114, 'LOGAN', 203, '7D', 4, '19:00-22:00', '4', 40000, '2017-04-01 22:49:16'),
(115, 'LOGAN', 204, '8D', 4, '19:00-22:00', '4', 40000, '2017-04-01 22:49:16'),
(116, 'ZOOTOPIA', 23, '3C', 1, '10:00-13:00', '1', 25000, '2017-04-02 13:29:26'),
(117, 'ZOOTOPIA', 24, '4C', 1, '10:00-13:00', '1', 25000, '2017-04-02 13:29:26'),
(120, 'ZOOTOPIA', 128, '4C', 1, '10:00-13:00', '3', 25000, '2017-04-02 13:29:31'),
(122, 'LA LA LAND', 189, '5C', 1, '10:00-13:00', '4', 25000, '2017-04-02 13:58:42'),
(123, 'LA LA LAND', 190, '6C', 1, '10:00-13:00', '4', 25000, '2017-04-02 13:58:42'),
(125, 'LA LA LAND', 192, '8C', 1, '10:00-13:00', '4', 25000, '2017-04-02 13:58:42'),
(127, 'LA LA LAND', 74, '4C', 1, '10:00-13:00', '2', 25000, '2017-04-02 14:13:53'),
(128, 'STAR WARS VIII', 24, '4C', 3, '16:00-19:00', '1', 30000, '2017-04-02 14:21:36'),
(129, 'STAR WARS VIII', 141, '5D', 3, '16:00-19:00', '3', 30000, '2017-04-02 14:22:09'),
(130, 'LOGAN', 51, '1A', 3, '16:00-19:00', '2', 30000, '2017-04-02 18:19:04'),
(132, 'LOGAN', 184, '12B', 3, '16:00-19:00', '4', 30000, '2017-04-02 18:21:51'),
(133, 'LOGAN', 196, '12C', 3, '16:00-19:00', '4', 30000, '2017-04-02 18:21:51'),
(134, 'LOGAN', 163, '3A', 4, '19:00-22:00', '4', 40000, '2017-04-02 18:23:52'),
(136, 'LOGAN', 163, '3A', 4, '19:00-22:00', '4', 40000, '2017-04-02 18:26:22'),
(137, 'LOGAN', 52, '2A', 4, '19:00-22:00', '2', 40000, '2017-04-02 18:26:36'),
(138, 'LOGAN', 162, '2A', 3, '16:00-19:00', '4', 30000, '2017-04-02 18:27:42'),
(139, 'LOGAN', 162, '2A', 4, '19:00-22:00', '4', 40000, '2017-04-02 18:30:42'),
(141, 'STAR WARS VIII', 117, '5B', 4, '19:00-22:00', '3', 40000, '2017-04-02 18:40:35'),
(142, 'STAR WARS VIII', 154, '6E', 4, '19:00-22:00', '3', 40000, '2017-04-02 18:40:35'),
(143, 'STAR WARS VIII', 117, '5B', 4, '19:00-22:00', '3', 40000, '2017-04-02 18:40:47'),
(144, 'STAR WARS VIII', 154, '6E', 4, '19:00-22:00', '3', 40000, '2017-04-02 18:40:47'),
(146, 'STAR WARS VIII', 154, '6E', 4, '19:00-22:00', '3', 40000, '2017-04-02 18:41:31'),
(147, 'STAR WARS VIII', 10, '10A', 4, '19:00-22:00', '1', 40000, '2017-04-02 18:42:13'),
(149, 'ZOOTOPIA', 117, '5B', 2, '13:00-16:00', '3', 25000, '2017-04-02 18:47:45'),
(150, 'ZOOTOPIA', 25, '5C', 2, '13:00-16:00', '1', 25000, '2017-04-02 18:53:11'),
(151, 'ZOOTOPIA', 46, '6E', 2, '13:00-16:00', '1', 25000, '2017-04-02 18:53:11'),
(152, 'ZOOTOPIA', 34, '4D', 1, '10:00-13:00', '1', 25000, '2017-04-03 06:38:29'),
(153, 'ZOOTOPIA', 35, '5D', 1, '10:00-13:00', '1', 25000, '2017-04-03 06:38:29'),
(154, 'ZOOTOPIA', 158, '10E', 2, '13:00-16:00', '3', 25000, '2017-04-03 06:42:32'),
(155, 'ZOOTOPIA', 17, '7B', 1, '10:00-13:00', '1', 25000, '2017-04-03 07:37:59'),
(156, 'LA LA LAND', 86, '6D', 1, '10:00-13:00', '2', 25000, '2017-04-03 07:56:19'),
(157, 'LA LA LAND', 203, '7D', 2, '13:00-16:00', '4', 25000, '2017-04-03 07:58:02'),
(158, 'STAR WARS VIII', 155, '7E', 4, '19:00-22:00', '3', 40000, '2017-04-03 08:04:32'),
(159, 'ZOOTOPIA', 41, '1E', 2, '13:00-16:00', '1', 25000, '2017-04-03 08:23:19'),
(160, 'ZOOTOPIA', 42, '2E', 2, '13:00-16:00', '1', 25000, '2017-04-03 08:23:19'),
(161, 'ZOOTOPIA', 43, '3E', 2, '13:00-16:00', '1', 25000, '2017-04-03 08:23:19'),
(162, 'STAR WARS VIII', 21, '1C', 3, '16:00-19:00', '1', 30000, '2017-04-03 08:25:14'),
(163, 'STAR WARS VIII', 22, '2C', 3, '16:00-19:00', '1', 30000, '2017-04-03 08:25:14'),
(164, 'STAR WARS VIII', 23, '3C', 3, '16:00-19:00', '1', 30000, '2017-04-03 08:25:14'),
(165, 'STAR WARS VIII', 24, '4C', 3, '16:00-19:00', '1', 30000, '2017-04-03 08:25:14'),
(166, 'STAR WARS VIII', 25, '5C', 3, '16:00-19:00', '1', 30000, '2017-04-03 08:25:14'),
(167, 'STAR WARS VIII', 26, '6C', 3, '16:00-19:00', '1', 30000, '2017-04-03 08:25:14'),
(168, 'STAR WARS VIII', 27, '7C', 3, '16:00-19:00', '1', 30000, '2017-04-03 08:25:14'),
(169, 'STAR WARS VIII', 28, '8C', 3, '16:00-19:00', '1', 30000, '2017-04-03 08:25:14'),
(170, 'STAR WARS VIII', 29, '9C', 3, '16:00-19:00', '1', 30000, '2017-04-03 08:25:14'),
(171, 'STAR WARS VIII', 30, '10C', 3, '16:00-19:00', '1', 30000, '2017-04-03 08:25:14'),
(172, 'LOGAN', 75, '5C', 3, '16:00-19:00', '2', 30000, '2017-04-03 08:49:54'),
(173, 'LOGAN', 76, '6C', 3, '16:00-19:00', '2', 30000, '2017-04-03 08:49:54'),
(174, 'LOGAN', 205, '9D', 3, '16:00-19:00', '4', 30000, '2017-04-03 08:50:23'),
(175, 'ZOOTOPIA', 154, '6E', 2, '13:00-16:00', '3', 25000, '2017-04-03 08:51:34'),
(176, 'LA LA LAND', 96, '6E', 1, '10:00-13:00', '2', 25000, '2017-04-03 09:29:31'),
(177, 'LOGAN', 96, '6E', 3, '16:00-19:00', '2', 30000, '2017-04-03 09:30:12'),
(178, 'STAR WARS VIII', 43, '3E', 3, '16:00-19:00', '1', 30000, '2017-04-03 09:32:07'),
(179, 'STAR WARS VIII', 43, '3E', 4, '19:00-22:00', '1', 40000, '2017-04-03 09:34:01'),
(180, 'ZOOTOPIA', 136, '12C', 2, '13:00-16:00', '3', 25000, '2017-04-03 14:39:00'),
(181, 'LA LA LAND', 97, '7E', 1, '10:00-13:00', '2', 25000, '2017-04-03 14:54:12'),
(182, 'LA LA LAND', 98, '8E', 1, '10:00-13:00', '2', 25000, '2017-04-03 14:54:12'),
(183, 'ZOOTOPIA', 3, '3A', 1, '10:00-13:00', '1', 25000, '2017-04-07 12:58:33'),
(184, 'ZOOTOPIA', 140, '4D', 1, '10:00-13:00', '3', 25000, '2017-04-07 13:00:43'),
(185, 'ZOOTOPIA', 141, '5D', 1, '10:00-13:00', '3', 25000, '2017-04-07 13:00:43'),
(186, 'ZOOTOPIA', 142, '6D', 1, '10:00-13:00', '3', 25000, '2017-04-07 13:00:43'),
(187, 'ZOOTOPIA', 154, '6E', 2, '13:00-16:00', '3', 25000, '2017-04-07 13:17:26'),
(188, 'ZOOTOPIA', 155, '7E', 2, '13:00-16:00', '3', 25000, '2017-04-07 13:17:26'),
(189, 'LA LA LAND', 95, '5E', 1, '10:00-13:00', '2', 25000, '2017-04-07 13:19:25'),
(190, 'LA LA LAND', 96, '6E', 1, '10:00-13:00', '2', 25000, '2017-04-07 13:19:25'),
(191, 'ZOOTOPIA', 153, '5E', 2, '13:00-16:00', '3', 25000, '2017-04-07 13:20:34'),
(192, 'LOGAN', 93, '3E', 3, '16:00-19:00', '2', 30000, '2017-04-07 13:21:38'),
(193, 'LOGAN', 94, '4E', 3, '16:00-19:00', '2', 30000, '2017-04-07 13:21:38'),
(194, 'LA LA LAND', 94, '4E', 1, '10:00-13:00', '2', 25000, '2017-04-10 07:52:51'),
(195, 'LA LA LAND', 95, '5E', 1, '10:00-13:00', '2', 25000, '2017-04-10 07:52:51'),
(196, 'LA LA LAND', 96, '6E', 1, '10:00-13:00', '2', 25000, '2017-04-10 07:54:02'),
(197, 'LA LA LAND', 97, '7E', 1, '10:00-13:00', '2', 25000, '2017-04-10 07:54:46'),
(198, 'LA LA LAND', 97, '7E', 1, '10:00-13:00', '2', 25000, '2017-04-10 08:02:41'),
(199, 'LA LA LAND', 98, '8E', 1, '10:00-13:00', '2', 25000, '2017-04-10 08:02:41'),
(200, 'STAR WARS VIII', 43, '3E', 3, '16:00-19:00', '1', 30000, '2017-04-10 08:28:35'),
(201, 'LOGAN', 94, '4E', 3, '16:00-19:00', '2', 30000, '2017-04-10 08:36:03'),
(202, 'LOGAN', 84, '4D', 4, '19:00-22:00', '2', 40000, '2017-04-10 08:57:05'),
(203, 'LOGAN', 85, '5D', 4, '19:00-22:00', '2', 40000, '2017-04-10 08:57:05'),
(204, 'STAR WARS VIII', 45, '5E', 3, '16:00-19:00', '1', 30000, '2017-04-10 08:58:52'),
(205, 'STAR WARS VIII', 46, '6E', 4, '19:00-22:00', '1', 40000, '2017-04-10 09:01:24'),
(206, 'LOGAN', 96, '6E', 3, '16:00-19:00', '2', 30000, '2017-04-10 09:02:23'),
(207, 'LA LA LAND', 85, '5D', 2, '13:00-16:00', '2', 25000, '2017-04-10 09:03:21'),
(208, 'LA LA LAND', 83, '3D', 1, '10:00-13:00', '2', 25000, '2017-04-10 09:07:13'),
(209, 'STAR WARS VIII', 155, '7E', 4, '19:00-22:00', '3', 40000, '2017-04-10 09:49:26'),
(210, 'LOGAN', 75, '5C', 3, '16:00-19:00', '2', 30000, '2017-04-10 09:50:22'),
(211, 'LA LA LAND', 86, '6D', 2, '13:00-16:00', '2', 25000, '2017-04-10 09:51:56'),
(212, 'LA LA LAND', 83, '3D', 2, '13:00-16:00', '2', 25000, '2017-04-10 09:52:50'),
(213, 'LA LA LAND', 83, '3D', 2, '13:00-16:00', '2', 25000, '2017-04-10 09:53:15'),
(214, 'LA LA LAND', 83, '3D', 2, '13:00-16:00', '2', 25000, '2017-04-10 09:53:36'),
(215, 'LA LA LAND', 83, '3D', 2, '13:00-16:00', '2', 25000, '2017-04-10 09:53:54'),
(216, 'STAR WARS VIII', 35, '5D', 4, '19:00-22:00', '1', 40000, '2017-04-10 09:55:01'),
(217, 'STAR WARS VIII', 47, '7E', 4, '19:00-22:00', '1', 40000, '2017-04-10 09:57:46'),
(218, 'STAR WARS VIII', 43, '3E', 4, '19:00-22:00', '1', 40000, '2017-04-10 09:58:30'),
(219, 'STAR WARS VIII', 36, '6D', 3, '16:00-19:00', '1', 30000, '2017-04-10 13:25:43'),
(220, 'STAR WARS VIII', 36, '6D', 3, '16:00-19:00', '1', 30000, '2017-04-10 13:26:03'),
(221, 'LA LA LAND', 64, '4B', 2, '13:00-16:00', '2', 25000, '2017-04-10 13:54:42'),
(222, 'LA LA LAND', 87, '7D', 1, '10:00-13:00', '2', 25000, '2017-04-10 13:55:43'),
(223, 'LA LA LAND', 88, '8D', 1, '10:00-13:00', '2', 25000, '2017-04-10 13:55:43'),
(224, 'STAR WARS VIII', 26, '6C', 3, '16:00-19:00', '1', 30000, '2017-05-07 22:57:42'),
(225, 'LA LA LAND', 87, '7D', 2, '13:00-16:00', '2', 25000, '2017-05-07 22:57:59'),
(226, 'LA LA LAND', 94, '4E', 1, '10:00-13:00', '2', 25000, '2017-05-07 23:04:19'),
(227, 'LA LA LAND', 95, '5E', 1, '10:00-13:00', '2', 25000, '2017-05-07 23:04:19'),
(228, 'LA LA LAND', 65, '5B', 1, '10:00-13:00', '2', 25000, '2017-05-08 14:04:51'),
(229, 'LA LA LAND', 75, '5C', 1, '10:00-13:00', '2', 25000, '2017-05-08 14:04:51'),
(230, 'LA LA LAND', 75, '5C', 2, '13:00-16:00', '2', 25000, '2017-05-14 20:14:50'),
(231, 'LA LA LAND', 76, '6C', 2, '13:00-16:00', '2', 25000, '2017-05-14 20:14:50'),
(232, 'LA LA LAND', 85, '5D', 2, '13:00-16:00', '2', 25000, '2017-05-14 20:14:50'),
(233, 'LA LA LAND', 189, '5C', 1, '10:00-13:00', '4', 25000, '2017-05-14 20:47:18'),
(234, 'LA LA LAND', 190, '6C', 1, '10:00-13:00', '4', 25000, '2017-05-14 20:47:18'),
(235, 'LA LA LAND', 201, '5D', 1, '10:00-13:00', '4', 25000, '2017-05-14 20:47:18'),
(236, 'LA LA LAND', 64, '4B', 2, '13:00-16:00', '2', 25000, '2017-05-14 20:57:58'),
(237, 'LA LA LAND', 63, '3B', 1, '10:00-13:00', '2', 25000, '2017-05-15 00:06:49'),
(238, 'LA LA LAND', 64, '4B', 1, '10:00-13:00', '2', 25000, '2017-05-15 00:06:49'),
(239, 'LA LA LAND', 65, '5B', 1, '10:00-13:00', '2', 25000, '2017-05-15 00:06:49'),
(240, 'LA LA LAND', 202, '6D', 2, '13:00-16:00', '4', 25000, '2017-05-21 23:43:27'),
(241, 'LA LA LAND', 189, '5C', 2, '13:00-16:00', '4', 25000, '2017-05-22 13:17:55'),
(242, 'LA LA LAND', 201, '5D', 2, '13:00-16:00', '4', 25000, '2017-05-22 13:17:55'),
(243, 'LA LA LAND', 163, '3A', 2, '13:00-16:00', '4', 25000, '2017-05-22 13:24:51'),
(244, 'LA LA LAND', 164, '4A', 2, '13:00-16:00', '4', 25000, '2017-05-22 13:24:51'),
(245, 'LA LA LAND', 175, '3B', 2, '13:00-16:00', '4', 25000, '2017-05-22 13:24:51'),
(246, 'LA LA LAND', 176, '4B', 2, '13:00-16:00', '4', 25000, '2017-05-22 13:24:51');

--
-- Indexes for dumped tables
--

--
-- Indexes for table `film`
--
ALTER TABLE `film`
  ADD PRIMARY KEY (`kode_film`);

--
-- Indexes for table `jadwal`
--
ALTER TABLE `jadwal`
  ADD PRIMARY KEY (`kode_jadwal`);

--
-- Indexes for table `kursi`
--
ALTER TABLE `kursi`
  ADD PRIMARY KEY (`id_kursi`);

--
-- Indexes for table `penayangan`
--
ALTER TABLE `penayangan`
  ADD PRIMARY KEY (`id_penayangan`);

--
-- Indexes for table `theater`
--
ALTER TABLE `theater`
  ADD PRIMARY KEY (`no_theater`);

--
-- Indexes for table `transaksi`
--
ALTER TABLE `transaksi`
  ADD PRIMARY KEY (`id_transaksi`);

--
-- AUTO_INCREMENT for dumped tables
--

--
-- AUTO_INCREMENT for table `film`
--
ALTER TABLE `film`
  MODIFY `kode_film` int(11) NOT NULL AUTO_INCREMENT, AUTO_INCREMENT=6;
--
-- AUTO_INCREMENT for table `kursi`
--
ALTER TABLE `kursi`
  MODIFY `id_kursi` int(11) NOT NULL AUTO_INCREMENT, AUTO_INCREMENT=221;
--
-- AUTO_INCREMENT for table `penayangan`
--
ALTER TABLE `penayangan`
  MODIFY `id_penayangan` int(11) NOT NULL AUTO_INCREMENT, AUTO_INCREMENT=17;
--
-- AUTO_INCREMENT for table `theater`
--
ALTER TABLE `theater`
  MODIFY `no_theater` int(11) NOT NULL AUTO_INCREMENT, AUTO_INCREMENT=5;
--
-- AUTO_INCREMENT for table `transaksi`
--
ALTER TABLE `transaksi`
  MODIFY `id_transaksi` int(11) NOT NULL AUTO_INCREMENT, AUTO_INCREMENT=247;
/*!40101 SET CHARACTER_SET_CLIENT=@OLD_CHARACTER_SET_CLIENT */;
/*!40101 SET CHARACTER_SET_RESULTS=@OLD_CHARACTER_SET_RESULTS */;
/*!40101 SET COLLATION_CONNECTION=@OLD_COLLATION_CONNECTION */;
